player_id,age,position,team,games_played,player_rating
P0001,34,Forward,Team 14,29,7.2
P0002,29,Defender,Team 15,27,8.3
P0003,31,Goalkeeper,Team 4,39,6.4
P0004,36,Goalkeeper,Team 6,35,6.6
P0005,34,Defender,Team 14,26,7.2
P0006,23,Defender,Team 11,26,6.5
P0007,31,Goalkeeper,Team 19,27,6.7
P0008,26,Midfielder,Team 7,34,4.5
P0009,27,Midfielder,Team 11,22,7.9
P0010,29,Midfielder,Team 12,26,8.9
P0011,28,Midfielder,Team 2,33,5.8
P0012,33,Forward,Team 10,33,5.5
P0013,30,Midfielder,Team 17,30,4.6
P0014,27,Goalkeeper,Team 16,22,7.3
P0015,29,Goalkeeper,Team 18,26,6
P0016,28,Goalkeeper,Team 20,23,7.4
P0017,33,Midfielder,Team 20,29,5.6
P0018,26,Defender,Team 2,41,5.5
P0019,28,Goalkeeper,Team 20,26,5.2
P0020,24,Midfielder,Team 5,38,6.1
P0021,18,Forward,Team 4,24,8
P0022,30,Forward,Team 10,28,5.8
P0023,30,Goalkeeper,Team 10,31,7.4
P0024,24,Defender,Team 14,30,7.5
P0025,36,Forward,Team 7,22,7.6
P0026,21,Midfielder,Team 11,31,7
P0027,27,Midfielder,Team 12,40,7.1
P0028,26,Forward,Team 6,20,5.5
P0029,33,Goalkeeper,Team 6,31,5.3
P0030,33,Goalkeeper,Team 9,17,6
P0031,28,Forward,Team 16,38,7.1
P0032,29,Midfielder,Team 15,40,7.5
P0033,23,Defender,Team 1,29,2
P0034,19,Midfielder,Team 4,32,5.6
P0035,26,Defender,Team 2,27,6
P0036,28,Defender,Team 15,28,7.4
P0037,32,Forward,Team 7,24,6.9
P0038,32,Goalkeeper,Team 4,36,7.1
P0039,25,Defender,Team 5,29,5.1
P0040,26,Midfielder,Team 6,34,6.4
P0041,23,Goalkeeper,Team 9,30,7.2
P0042,21,Goalkeeper,Team 19,27,13
P0043,20,Midfielder,Team 10,40,7.8
P0044,35,Forward,Team 4,32,7.7
P0045,25,Goalkeeper,Team 3,30,6.8
P0046,25,Defender,Team 10,28,5.4
P0047,22,Midfielder,Team 14,25,6.5
P0048,30,Defender,Team 18,36,6.3
P0049,21,Midfielder,Team 18,25,4.9
P0050,26,Midfielder,Team 11,39,4.3
P0051,23,Goalkeeper,Team 9,33,6.7
P0052,29,Midfielder,Team 14,41,5.9
P0053,25,Goalkeeper,Team 11,23,5.3
P0054,22,Midfielder,Team 7,33,6.7
P0055,27,Goalkeeper,Team 11,23,5.5
P0056,29,Goalkeeper,Team 4,26,6
P0057,27,Forward,Team 16,37,5.7
P0058,28,Goalkeeper,Team 19,41,6.8
P0059,24,Goalkeeper,Team 3,30,6.3
P0060,26,Goalkeeper,Team 5,22,7.4
P0061,24,Forward,Team 11,28,6.4
P0062,26,Defender,Team 8,30,6.2
P0063,24,Defender,Team 19,31,6.1
P0064,20,Forward,Team 13,26,6.7
P0065,28,Goalkeeper,Team 12,33,6.4
P0066,25,Goalkeeper,Team 13,32,7.1
P0067,11,Midfielder,Team 18,38,6.4
P0068,29,Defender,Team 6,22,7.6
P0069,23,Goalkeeper,Team 20,22,6.3
P0070,27,Goalkeeper,Team 8,23,7.6
P0071,30,Defender,Team 5,25,6
P0072,28,Goalkeeper,Team 11,32,3
P0073,32,Forward,Team 19,37,8
P0074,22,Goalkeeper,Team 1,23,6
P0075,29,Goalkeeper,Team 12,44,7
P0076,24,Defender,Team 10,22,6.3
P0077,24,Forward,Team 19,32,8.6
P0078,25,Midfielder,Team 14,26,8.5
P0079,26,Defender,Team 19,28,6.6
P0080,27,Midfielder,Team 13,23,4.7
P0081,22,Midfielder,Team 10,34,5.3
P0082,31,Forward,Team 9,27,6.5
P0083,29,Midfielder,Team 2,29,7.4
P0084,21,Forward,Team 18,37,7.6
P0085,33,Goalkeeper,Team 18,25,4.6
P0086,35,Forward,Team 16,34,6.4
P0087,32,Defender,Team 17,30,6.4
P0088,26,Midfielder,Team 18,17,6.7
P0089,23,Forward,Team 8,32,7.5
P0090,31,Defender,Team 17,32,6.5
P0091,25,Forward,Team 6,28,5.9
P0092,32,Midfielder,Team 10,34,8.6
P0093,28,Midfielder,Team 15,35,6.9
P0094,31,Defender,Team 13,38,5.4
P0095,28,Defender,Team 15,26,5
P0096,30,Defender,Team 14,35,7.1
P0097,27,Defender,Team 2,37,2
P0098,34,Defender,Team 5,40,5.1
P0099,28,Midfielder,Team 6,31,6
P0100,29,Goalkeeper,Team 13,35,6.3
P0101,35,Defender,Team 10,36,4.9
P0102,22,Goalkeeper,Team 13,34,5.8
P0103,22,Defender,Team 1,31,2.7
P0104,31,Defender,Team 6,27,5.6
P0105,22,Defender,Team 10,27,6.3
P0106,35,Midfielder,Team 2,31,6.7
P0107,25,Goalkeeper,Team 18,26,7.3
P0108,24,Midfielder,Team 20,37,7.5
P0109,35,Forward,Team 2,35,9.4
P0110,33,Defender,Team 11,29,6.1
P0111,34,Defender,Team 7,30,6.3
P0112,31,Goalkeeper,Team 17,33,7.1
P0113,24,Midfielder,Team 8,33,6.2
P0114,35,Midfielder,Team 7,30,4.8
P0115,26,Midfielder,Team 12,32,7.3
P0116,30,Defender,Team 10,26,6.8
P0117,31,Goalkeeper,Team 19,25,2.1
P0118,26,Forward,Team 20,21,7.3
P0119,29,Forward,Team 11,31,5.8
P0120,31,Midfielder,Team 7,25,7.1
P0121,29,Goalkeeper,Team 7,24,5.7
P0122,23,Midfielder,Team 3,21,6.2
P0123,28,Midfielder,Team 18,25,5.5
P0124,50,Midfielder,Team 11,23,5.9
P0125,24,Forward,Team 8,35,7.9
P0126,26,Forward,Team 9,35,7.8
P0127,25,Midfielder,Team 9,40,7.4
P0128,34,Goalkeeper,Team 5,36,5.3
P0129,30,Forward,Team 3,39,8.8
P0130,29,Midfielder,Team 17,38,5.8
P0131,24,Forward,Team 12,35,6.6
P0132,29,Defender,Team 4,33,7.1
P0133,24,Defender,Team 1,28,8.3
P0134,27,Forward,Team 6,35,6
P0135,24,Midfielder,Team 8,26,6
P0136,30,Forward,Team 13,26,5.7
P0137,29,Goalkeeper,Team 12,31,6.4
P0138,26,Midfielder,Team 13,23,5.1
P0139,29,Midfielder,Team 19,23,5.5
P0140,23,Midfielder,Team 16,28,6.6
P0141,21,Midfielder,Team 13,34,5.7
P0142,29,Goalkeeper,Team 13,36,8.3
P0143,28,Forward,Team 16,33,6
P0144,30,Forward,Team 18,31,7.6
P0145,37,Defender,Team 8,31,4.9
P0146,31,Midfielder,Team 16,40,7
P0147,23,Defender,Team 2,39,5.4
P0148,31,Goalkeeper,Team 6,28,4.3
P0149,22,Forward,Team 1,37,6.3
P0150,25,Forward,Team 14,23,5.7
P0151,27,Midfielder,Team 9,32,6.4
P0152,34,Forward,Team 19,33,5.2
P0153,24,Goalkeeper,Team 17,37,7.8
P0154,24,Goalkeeper,Team 14,26,9
P0155,27,Midfielder,Team 9,29,7.7
P0156,24,Defender,Team 7,41,5.8
P0157,46,Midfielder,Team 6,16,4.5
P0158,23,Goalkeeper,Team 4,27,6.3
P0159,22,Forward,Team 9,32,8
P0160,25,Forward,Team 13,36,5.9
P0161,25,Forward,Team 14,32,6.3
P0162,35,Goalkeeper,Team 17,35,7.2
P0163,31,Defender,Team 19,34,8.4
P0164,27,Midfielder,Team 11,34,7
P0165,22,Defender,Team 9,28,6.3
P0166,30,Forward,Team 17,26,5.5
P0167,23,Midfielder,Team 19,28,6.1
P0168,21,Goalkeeper,Team 11,30,6.3
P0169,32,Goalkeeper,Team 16,20,5.6
P0170,28,Defender,Team 7,20,5.9
P0171,31,Midfielder,Team 5,28,7.2
P0172,28,Forward,Team 16,27,7.4
P0173,30,Defender,Team 1,36,4.3
P0174,24,Goalkeeper,Team 4,23,6.3
P0175,23,Midfielder,Team 16,23,6.2
P0176,30,Midfielder,Team 16,32,8.6
P0177,24,Goalkeeper,Team 2,47,4.9
P0178,24,Forward,Team 19,33,7.1
P0179,25,Forward,Team 9,29,7.5
P0180,27,Goalkeeper,Team 10,19,7.5
P0181,26,Goalkeeper,Team 9,35,6
P0182,22,Forward,Team 8,38,5.7
P0183,24,Defender,Team 16,33,6
P0184,18,Defender,Team 10,30,7.4
P0185,30,Midfielder,Team 20,32,5.5
P0186,21,Midfielder,Team 4,29,9.9
P0187,23,Defender,Team 15,26,5.6
P0188,27,Midfielder,Team 3,26,6.7
P0189,24,Defender,Team 12,26,5.7
P0190,33,Midfielder,Team 4,34,8
P0191,22,Defender,Team 15,35,7
P0192,28,Midfielder,Team 1,28,6.4
P0193,27,Midfielder,Team 3,28,5.7
P0194,22,Defender,Team 11,26,9.5
P0195,29,Forward,Team 6,33,1
P0196,26,Defender,Team 5,30,6.7
P0197,30,Defender,Team 19,31,6.6
P0198,30,Goalkeeper,Team 11,36,7.1
P0199,36,Forward,Team 4,26,7.1
P0200,32,Midfielder,Team 8,28,4.8
P0201,26,Forward,Team 4,30,6.4
P0202,26,Forward,Team 2,16,5.7
P0203,31,Forward,Team 6,27,6.5
P0204,30,Goalkeeper,Team 4,32,8
P0205,30,Goalkeeper,Team 15,23,6.7
P0206,21,Midfielder,Team 3,29,5
P0207,27,Defender,Team 18,47,5.5
P0208,10,Forward,Team 15,30,6
P0209,28,Midfielder,Team 11,27,7.6
P0210,27,Midfielder,Team 20,22,6.7
P0211,31,Goalkeeper,Team 5,18,5
P0212,28,Defender,Team 5,33,7.6
P0213,30,Defender,Team 7,26,15
P0214,25,Goalkeeper,Team 10,30,7
P0215,23,Forward,Team 10,28,6.9
P0216,25,Goalkeeper,Team 4,22,6.6
P0217,27,Midfielder,Team 8,27,7.4
P0218,29,Goalkeeper,Team 13,24,6.6
P0219,36,Defender,Team 5,35,3
P0220,27,Forward,Team 14,28,8.8
P0221,23,Midfielder,Team 13,27,7.4
P0222,26,Midfielder,Team 1,22,6.7
P0223,25,Defender,Team 11,23,5.8
P0224,29,Goalkeeper,Team 15,39,5.5
P0225,21,Midfielder,Team 1,31,6.1
P0226,27,Goalkeeper,Team 1,24,6.4
P0227,28,Midfielder,Team 1,15,6
P0228,28,Defender,Team 12,36,6.4
P0229,25,Midfielder,Team 6,38,6.1
P0230,26,Midfielder,Team 6,28,6.7
P0231,21,Forward,Team 19,36,6.3
P0232,25,Midfielder,Team 11,30,7.1
P0233,25,Defender,Team 17,33,7.2
P0234,29,Midfielder,Team 18,21,6.6
P0235,22,Defender,Team 12,27,6.5
P0236,30,Goalkeeper,Team 10,28,6.5
P0237,33,Defender,Team 10,27,4.6
P0238,19,Goalkeeper,Team 13,31,5.4
P0239,29,Midfielder,Team 1,29,4.7
P0240,30,Defender,Team 8,26,7.3
P0241,24,Forward,Team 14,30,7.5
P0242,25,Defender,Team 17,30,6.4
P0243,26,Goalkeeper,Team 12,28,4
P0244,26,Goalkeeper,Team 16,30,5.4
P0245,26,Forward,Team 13,37,5.9
P0246,20,Defender,Team 6,29,8.4
P0247,32,Midfielder,Team 3,25,5.7
P0248,31,Defender,Team 13,26,7.4
P0249,24,Defender,Team 12,34,5.9
P0250,21,Defender,Team 16,38,4.6
P0251,29,Forward,Team 5,29,5.9
P0252,25,Forward,Team 18,32,6.4
P0253,28,Forward,Team 13,24,7
P0254,26,Forward,Team 13,25,5
P0255,30,Forward,Team 17,23,7.1
P0256,30,Midfielder,Team 3,24,6.1
P0257,24,Defender,Team 6,31,7.9
P0258,21,Defender,Team 3,35,6.7
P0259,21,Midfielder,Team 20,25,8.1
P0260,29,Midfielder,Team 16,32,7.1
P0261,22,Midfielder,Team 7,32,5.9
P0262,25,Midfielder,Team 5,34,7.1
P0263,25,Forward,Team 10,27,8.3
P0264,27,Defender,Team 16,26,5.5
P0265,19,Midfielder,Team 1,24,5.2
P0266,28,Goalkeeper,Team 11,39,5.2
P0267,29,Midfielder,Team 17,32,7.5
P0268,27,Defender,Team 3,25,6.3
P0269,26,Goalkeeper,Team 18,33,7.4
P0270,27,Midfielder,Team 15,36,5.5
P0271,29,Forward,Team 6,30,5.2
P0272,18,Forward,Team 6,24,8.1
P0273,35,Goalkeeper,Team 3,35,6.1
P0274,29,Forward,Team 4,22,6.8
P0275,24,Goalkeeper,Team 12,24,3.9
P0276,25,Midfielder,Team 20,21,7.3
P0277,29,Defender,Team 14,34,6.2
P0278,27,Goalkeeper,Team 4,30,8.1
P0279,19,Midfielder,Team 6,31,6.2
P0280,35,Goalkeeper,Team 2,32,4.7
P0281,27,Defender,Team 9,39,7.6
P0282,31,Forward,Team 8,29,5.7
P0283,24,Forward,Team 8,33,6.4
P0284,33,Goalkeeper,Team 2,27,7.5
P0285,28,Defender,Team 10,27,6.4
P0286,29,Midfielder,Team 16,50,3
P0287,23,Midfielder,Team 14,28,7.4
P0288,32,Midfielder,Team 1,31,6.9
P0289,30,Goalkeeper,Team 5,42,5.7
P0290,32,Forward,Team 1,27,8.2
P0291,24,Goalkeeper,Team 12,43,8.1
P0292,25,Goalkeeper,Team 20,25,8.5
P0293,36,Goalkeeper,Team 4,31,6.3
P0294,23,Midfielder,Team 5,23,6.8
P0295,26,Defender,Team 16,27,5.3
P0296,32,Goalkeeper,Team 18,37,6
P0297,27,Midfielder,Team 11,31,6.4
P0298,29,Goalkeeper,Team 17,31,2
P0299,25,Goalkeeper,Team 7,25,7.1
P0300,28,Midfielder,Team 3,21,9.6
P0301,22,Defender,Team 18,22,6.5
P0302,34,Defender,Team 19,30,15
P0303,27,Forward,Team 2,20,6.2
P0304,24,Goalkeeper,Team 1,28,3.6
P0305,30,Forward,Team 2,34,6.5
P0306,47,Midfielder,Team 7,22,7.6
P0307,22,Goalkeeper,Team 5,25,6.5
P0308,22,Midfielder,Team 5,23,7.3
P0309,30,Forward,Team 16,34,8.7
P0310,26,Midfielder,Team 20,31,7.6
P0311,26,Midfielder,Team 7,33,4.4
P0312,31,Defender,Team 11,26,7.8
P0313,22,Goalkeeper,Team 17,32,5
P0314,24,Goalkeeper,Team 3,39,6.4
P0315,25,Goalkeeper,Team 15,24,8
P0316,27,Midfielder,Team 15,28,13
P0317,27,Defender,Team 15,33,7.4
P0318,26,Forward,Team 1,27,5.9
P0319,27,Goalkeeper,Team 8,23,7
P0320,27,Midfielder,Team 2,27,6.6
P0321,24,Defender,Team 5,23,8.1
P0322,24,Defender,Team 9,23,6.9
P0323,28,Goalkeeper,Team 16,33,6.2
P0324,23,Defender,Team 1,27,7.4
P0325,22,Defender,Team 4,36,8.2
P0326,26,Midfielder,Team 16,29,4.8
P0327,26,Forward,Team 11,29,7
P0328,36,Defender,Team 2,33,7.9
P0329,24,Forward,Team 4,29,6.4
P0330,31,Defender,Team 4,28,7.5
P0331,30,Defender,Team 3,35,4.9
P0332,22,Defender,Team 5,29,4.5
P0333,30,Goalkeeper,Team 11,30,7.3
P0334,22,Goalkeeper,Team 15,36,7.7
P0335,18,Goalkeeper,Team 10,41,3
P0336,29,Forward,Team 6,22,5.8
P0337,20,Forward,Team 20,24,6
P0338,29,Goalkeeper,Team 6,30,4.6
P0339,24,Forward,Team 4,25,7.9
P0340,34,Midfielder,Team 20,19,4.6
P0341,31,Forward,Team 17,28,6
P0342,25,Midfielder,Team 8,33,7.8
P0343,24,Goalkeeper,Team 11,27,7.1
P0344,22,Midfielder,Team 13,35,5.6
P0345,25,Goalkeeper,Team 5,24,4.2
P0346,26,Goalkeeper,Team 17,36,4.1
P0347,26,Goalkeeper,Team 13,28,8.1
P0348,28,Forward,Team 16,35,5.1
P0349,29,Defender,Team 11,29,6.3
P0350,28,Defender,Team 12,25,10
P0351,24,Midfielder,Team 15,33,5.9
P0352,21,Defender,Team 11,34,4.8
P0353,32,Goalkeeper,Team 20,20,10
P0354,24,Defender,Team 12,35,7.2
P0355,24,Midfielder,Team 7,30,5.1
P0356,25,Goalkeeper,Team 8,40,6
P0357,20,Forward,Team 1,24,5.5
P0358,25,Goalkeeper,Team 20,27,6.2
P0359,25,Goalkeeper,Team 3,33,6.2
P0360,29,Midfielder,Team 1,30,8.8
P0361,30,Forward,Team 1,28,8.1
P0362,27,Goalkeeper,Team 8,31,6.2
P0363,31,Forward,Team 19,24,6.9
P0364,28,Goalkeeper,Team 1,33,8.9
P0365,27,Goalkeeper,Team 3,38,7.6
P0366,28,Midfielder,Team 7,28,4.4
P0367,26,Goalkeeper,Team 13,40,6.2
P0368,25,Goalkeeper,Team 1,33,6.3
P0369,26,Goalkeeper,Team 9,32,8.7
P0370,22,Defender,Team 4,34,7.7
P0371,28,Forward,Team 14,32,7.8
P0372,23,Midfielder,Team 4,28,5.5
P0373,30,Midfielder,Team 7,30,7.1
P0374,26,Midfielder,Team 7,32,8
P0375,27,Goalkeeper,Team 7,38,5.9
P0376,29,Forward,Team 3,29,9.7
P0377,11,Defender,Team 16,25,6.1
P0378,21,Defender,Team 15,32,6.9
P0379,26,Midfielder,Team 19,37,5.9
P0380,31,Forward,Team 17,25,4.6
P0381,20,Defender,Team 12,25,6.7
P0382,29,Midfielder,Team 2,33,6
P0383,18,Defender,Team 11,28,7.4
P0384,23,Defender,Team 6,27,6
P0385,27,Forward,Team 16,25,6.4
P0386,20,Midfielder,Team 14,25,8.1
P0387,23,Defender,Team 5,30,5.5
P0388,21,Goalkeeper,Team 1,35,14
P0389,34,Goalkeeper,Team 14,33,6.9
P0390,28,Defender,Team 13,29,6.1
P0391,29,Forward,Team 7,35,7.9
P0392,26,Forward,Team 18,24,6.2
P0393,26,Defender,Team 18,26,6.9
P0394,21,Forward,Team 4,24,7
P0395,26,Forward,Team 1,24,7.5
P0396,24,Goalkeeper,Team 20,31,6.3
P0397,30,Midfielder,Team 18,36,5.9
P0398,32,Midfielder,Team 4,34,14
P0399,33,Defender,Team 14,22,6.8
P0400,30,Defender,Team 12,31,6.1
P0401,25,Defender,Team 18,33,6.4
P0402,23,Goalkeeper,Team 5,29,8
P0403,30,Goalkeeper,Team 16,21,7.3
P0404,28,Forward,Team 11,29,5.3
P0405,20,Goalkeeper,Team 7,35,6.9
P0406,28,Midfielder,Team 7,29,7.7
P0407,30,Goalkeeper,Team 17,28,5.5
P0408,27,Defender,Team 5,33,6
P0409,26,Midfielder,Team 4,40,8.8
P0410,24,Forward,Team 8,22,5.7
P0411,21,Midfielder,Team 1,33,5.4
P0412,30,Goalkeeper,Team 1,38,6.6
P0413,26,Goalkeeper,Team 9,27,6.6
P0414,26,Forward,Team 4,37,6
P0415,34,Defender,Team 7,31,7.6
P0416,30,Forward,Team 6,33,8.2
P0417,28,Forward,Team 8,33,7.5
P0418,28,Forward,Team 20,29,6.6
P0419,33,Forward,Team 14,26,5.8
P0420,34,Goalkeeper,Team 19,32,6.6
P0421,31,Defender,Team 18,36,5.1
P0422,29,Midfielder,Team 4,26,6.8
P0423,19,Defender,Team 9,23,6.2
P0424,27,Defender,Team 16,35,5.2
P0425,26,Forward,Team 12,33,6.1
P0426,27,Defender,Team 4,36,6.5
P0427,31,Forward,Team 13,33,6.3
P0428,18,Midfielder,Team 12,35,6.4
P0429,25,Forward,Team 18,16,6.5
P0430,28,Midfielder,Team 19,41,6
P0431,25,Defender,Team 11,37,9.1
P0432,21,Forward,Team 12,33,7.6
P0433,30,Goalkeeper,Team 16,32,7
P0434,28,Midfielder,Team 7,35,7.6
P0435,23,Defender,Team 4,35,7
P0436,28,Midfielder,Team 19,16,7
P0437,30,Forward,Team 4,37,5
P0438,27,Goalkeeper,Team 2,39,5.6
P0439,30,Midfielder,Team 11,26,15
P0440,27,Midfielder,Team 2,31,5.5
P0441,25,Midfielder,Team 11,32,5
P0442,22,Defender,Team 10,32,7.6
P0443,27,Goalkeeper,Team 14,25,5.7
P0444,28,Goalkeeper,Team 20,38,8
P0445,31,Goalkeeper,Team 3,34,6
P0446,27,Midfielder,Team 19,30,4.6
P0447,29,Midfielder,Team 8,28,8.9
P0448,23,Midfielder,Team 9,38,8.3
P0449,24,Midfielder,Team 6,36,6.2
P0450,27,Forward,Team 15,24,7.5
P0451,23,Forward,Team 20,30,5.8
P0452,30,Defender,Team 7,28,6.6
P0453,29,Midfielder,Team 1,29,7.7
P0454,28,Defender,Team 9,32,7.2
P0455,28,Goalkeeper,Team 16,21,7
P0456,35,Midfielder,Team 6,29,7
P0457,25,Forward,Team 4,27,12
P0458,18,Midfielder,Team 15,25,6.3
P0459,28,Goalkeeper,Team 9,29,6.5
P0460,27,Defender,Team 10,27,7.6
P0461,25,Midfielder,Team 5,30,8.1
P0462,23,Forward,Team 8,33,5.6
P0463,25,Goalkeeper,Team 2,38,6.9
P0464,28,Goalkeeper,Team 20,37,6.5
P0465,25,Defender,Team 14,35,7.5
P0466,37,Midfielder,Team 6,20,7
P0467,23,Forward,Team 9,31,6.1
P0468,24,Midfielder,Team 10,20,7.2
P0469,18,Forward,Team 8,35,3
P0470,28,Defender,Team 4,34,6.7
P0471,19,Goalkeeper,Team 16,27,6.5
P0472,25,Defender,Team 6,32,7.2
P0473,26,Goalkeeper,Team 10,30,7.5
P0474,24,Midfielder,Team 12,33,6.7
P0475,50,Goalkeeper,Team 4,24,7.4
P0476,31,Forward,Team 19,29,4.3
P0477,32,Defender,Team 4,29,4.1
P0478,23,Goalkeeper,Team 15,26,6.3
P0479,32,Goalkeeper,Team 10,27,5.2
P0480,29,Midfielder,Team 18,31,5.3
P0481,30,Midfielder,Team 16,21,6.4
P0482,31,Midfielder,Team 16,26,6.3
P0483,23,Forward,Team 10,30,6.9
P0484,25,Midfielder,Team 20,28,6.4
P0485,30,Goalkeeper,Team 8,42,6.9
P0486,18,Forward,Team 8,36,5.5
P0487,33,Midfielder,Team 6,32,6.7
P0488,29,Goalkeeper,Team 12,24,3
P0489,27,Forward,Team 13,26,5.4
P0490,28,Goalkeeper,Team 15,36,5.6
P0491,23,Midfielder,Team 15,30,6.7
P0492,26,Midfielder,Team 3,37,6.4
P0493,31,Forward,Team 2,32,6.8
P0494,32,Defender,Team 11,31,7.4
P0495,38,Goalkeeper,Team 6,26,6.7
P0496,27,Goalkeeper,Team 15,20,6.6
P0497,24,Defender,Team 1,32,6.2
P0498,25,Defender,Team 20,36,8.7
P0499,23,Goalkeeper,Team 8,36,6.1
P0500,27,Forward,Team 16,28,5.7
P0501,29,Defender,Team 16,37,5.9
P0502,27,Midfielder,Team 2,21,5.3
P0503,31,Forward,Team 1,36,5.9
P0504,26,Defender,Team 9,32,8.2
P0505,26,Midfielder,Team 18,24,8.7
P0506,25,Midfielder,Team 14,31,5.9
P0507,20,Goalkeeper,Team 15,25,7.5
P0508,21,Forward,Team 1,31,6.5
P0509,22,Defender,Team 6,33,7.2
P0510,32,Midfielder,Team 6,32,5.3
P0511,31,Goalkeeper,Team 14,31,6.2
P0512,32,Defender,Team 4,26,7.3
P0513,22,Midfielder,Team 14,26,4.4
P0514,19,Goalkeeper,Team 4,35,6.4
P0515,24,Midfielder,Team 9,36,6.1
P0516,28,Goalkeeper,Team 4,32,6.6
P0517,29,Goalkeeper,Team 10,29,8.7
P0518,31,Forward,Team 12,33,6
P0519,28,Defender,Team 4,34,6.3
P0520,34,Goalkeeper,Team 12,36,6
P0521,26,Midfielder,Team 12,27,4.9
P0522,23,Defender,Team 20,30,7.7
P0523,20,Defender,Team 11,26,4.5
P0524,23,Defender,Team 11,32,5.7
P0525,28,Forward,Team 5,31,5.2
P0526,23,Goalkeeper,Team 13,34,6.2
P0527,31,Goalkeeper,Team 3,36,7.3
P0528,33,Goalkeeper,Team 6,32,4.8
P0529,18,Goalkeeper,Team 16,31,4.4
P0530,30,Midfielder,Team 13,25,5.4
P0531,18,Goalkeeper,Team 18,25,6
P0532,29,Defender,Team 16,32,6.8
P0533,32,Goalkeeper,Team 10,33,6.6
P0534,27,Goalkeeper,Team 9,35,7.1
P0535,22,Goalkeeper,Team 4,27,6.3
P0536,25,Goalkeeper,Team 15,27,6.2
P0537,26,Forward,Team 17,31,7.5
P0538,26,Defender,Team 7,24,5.9
P0539,26,Forward,Team 20,27,5
P0540,27,Defender,Team 2,29,6.4
P0541,28,Goalkeeper,Team 16,38,7.3
P0542,22,Goalkeeper,Team 12,36,4.9
P0543,26,Defender,Team 8,41,8.9
P0544,33,Defender,Team 9,34,6.5
P0545,25,Forward,Team 4,35,7.5
P0546,25,Forward,Team 12,27,5.1
P0547,31,Midfielder,Team 8,38,6.6
P0548,18,Midfielder,Team 10,30,5.6
P0549,32,Forward,Team 14,27,7
P0550,24,Midfielder,Team 7,34,6.1
P0551,28,Forward,Team 8,37,7.2
P0552,27,Forward,Team 9,30,6.1
P0553,31,Forward,Team 6,32,5.5
P0554,26,Midfielder,Team 7,42,7.2
P0555,24,Defender,Team 4,22,7.3
P0556,32,Goalkeeper,Team 8,22,7.7
P0557,18,Midfielder,Team 19,24,7.4
P0558,27,Goalkeeper,Team 12,39,6
P0559,22,Goalkeeper,Team 19,27,7.8
P0560,24,Defender,Team 20,23,6.2
P0561,35,Midfielder,Team 18,30,6.3
P0562,27,Goalkeeper,Team 12,30,8.6
P0563,28,Defender,Team 2,27,6.4
P0564,20,Defender,Team 17,23,6.1
P0565,24,Forward,Team 15,29,5.7
P0566,28,Midfielder,Team 11,32,7
P0567,28,Goalkeeper,Team 11,23,6.4
P0568,29,Defender,Team 17,37,7.4
P0569,27,Goalkeeper,Team 16,36,5.7
P0570,29,Midfielder,Team 2,34,5.9
P0571,29,Forward,Team 11,23,7.1
P0572,20,Goalkeeper,Team 1,27,6.7
P0573,27,Forward,Team 20,30,7.4
P0574,30,Defender,Team 16,26,6.9
P0575,29,Forward,Team 17,28,6.9
P0576,26,Goalkeeper,Team 9,37,5.2
P0577,24,Midfielder,Team 10,36,7.2
P0578,23,Goalkeeper,Team 12,20,4.9
P0579,26,Goalkeeper,Team 1,45,6.4
P0580,32,Forward,Team 18,28,6.4
P0581,19,Forward,Team 8,31,7
P0582,24,Goalkeeper,Team 3,30,7.5
P0583,22,Forward,Team 7,35,7
P0584,30,Forward,Team 4,23,6.5
P0585,25,Midfielder,Team 14,32,7
P0586,25,Midfielder,Team 12,38,6.3
P0587,26,Defender,Team 12,31,7.2
P0588,29,Goalkeeper,Team 6,28,8.5
P0589,25,Forward,Team 17,32,5.1
P0590,18,Goalkeeper,Team 17,37,7.7
P0591,29,Defender,Team 14,32,7
P0592,29,Defender,Team 9,36,5.5
P0593,26,Midfielder,Team 7,26,5.9
P0594,23,Forward,Team 13,26,5.8
P0595,28,Forward,Team 11,32,6.9
P0596,29,Goalkeeper,Team 5,36,7.1
P0597,25,Midfielder,Team 9,38,7
P0598,26,Midfielder,Team 10,30,6.4
P0599,23,Midfielder,Team 16,36,5.7
P0600,26,Forward,Team 1,40,6.3
P0601,21,Defender,Team 8,26,5.1
P0602,29,Defender,Team 6,22,5.7
P0603,23,Forward,Team 7,29,7.4
P0604,28,Defender,Team 20,27,6.4
P0605,21,Goalkeeper,Team 16,31,4.8
P0606,25,Forward,Team 13,29,7.2
P0607,27,Forward,Team 1,31,6.9
P0608,20,Midfielder,Team 19,27,6.4
P0609,27,Forward,Team 18,23,7.3
P0610,25,Goalkeeper,Team 8,40,6.5
P0611,20,Midfielder,Team 2,27,6.8
P0612,22,Midfielder,Team 13,24,7.2
P0613,29,Defender,Team 17,29,4.9
P0614,31,Midfielder,Team 19,25,8
P0615,26,Goalkeeper,Team 8,35,6.3
P0616,29,Goalkeeper,Team 9,25,6.1
P0617,28,Defender,Team 9,24,6.2
P0618,28,Forward,Team 17,25,8.1
P0619,32,Goalkeeper,Team 15,34,6.8
P0620,21,Goalkeeper,Team 15,24,8.3
P0621,30,Defender,Team 8,41,7.4
P0622,25,Defender,Team 5,30,5.9
P0623,26,Defender,Team 17,35,7.7
P0624,26,Forward,Team 7,25,5.8
P0625,25,Forward,Team 11,26,7.1
P0626,22,Midfielder,Team 7,27,6
P0627,28,Goalkeeper,Team 5,40,5.9
P0628,34,Forward,Team 17,28,6.3
P0629,27,Midfielder,Team 3,32,8
P0630,27,Forward,Team 16,26,5.3
P0631,47,Defender,Team 16,28,6
P0632,27,Midfielder,Team 15,25,5.6
P0633,29,Forward,Team 16,26,5.8
P0634,26,Forward,Team 8,34,7.1
P0635,25,Goalkeeper,Team 16,39,7.6
P0636,29,Forward,Team 15,35,7.9
P0637,23,Goalkeeper,Team 11,23,4.2
P0638,28,Defender,Team 5,33,6.9
P0639,30,Midfielder,Team 10,36,6.3
P0640,32,Midfielder,Team 9,28,6.9
P0641,27,Midfielder,Team 12,29,5.7
P0642,32,Forward,Team 4,25,6.3
P0643,31,Midfielder,Team 13,21,6.9
P0644,23,Goalkeeper,Team 3,32,5.9
P0645,22,Midfielder,Team 3,27,6.4
P0646,26,Forward,Team 14,29,6.9
P0647,31,Forward,Team 19,28,8.1
P0648,12,Goalkeeper,Team 16,21,6.1
P0649,25,Goalkeeper,Team 2,24,5.9
P0650,33,Forward,Team 5,31,1
P0651,28,Forward,Team 5,32,5.7
P0652,18,Defender,Team 18,26,7.9
P0653,28,Defender,Team 12,26,7
P0654,29,Midfielder,Team 13,28,6.5
P0655,28,Defender,Team 3,33,7.8
P0656,29,Forward,Team 19,43,4.6
P0657,27,Defender,Team 10,27,7.4
P0658,22,Forward,Team 5,27,9.6
P0659,26,Defender,Team 12,36,6.9
P0660,23,Goalkeeper,Team 10,28,4.2
P0661,23,Forward,Team 7,38,6
P0662,22,Midfielder,Team 18,25,7.2
P0663,29,Midfielder,Team 19,29,7.8
P0664,27,Defender,Team 16,27,7.8
P0665,25,Goalkeeper,Team 13,27,5.6
P0666,24,Forward,Team 7,26,8.1
P0667,27,Midfielder,Team 19,29,5.8
P0668,31,Forward,Team 17,25,7.3
P0669,19,Defender,Team 12,26,9.1
P0670,29,Forward,Team 1,23,8.4
P0671,25,Forward,Team 7,29,6.9
P0672,19,Defender,Team 7,31,5.7
P0673,19,Midfielder,Team 3,27,7.8
P0674,23,Goalkeeper,Team 20,41,7
P0675,28,Goalkeeper,Team 13,32,5.8
P0676,29,Goalkeeper,Team 19,31,4.4
P0677,23,Defender,Team 1,34,4.7
P0678,31,Forward,Team 10,28,5.9
P0679,33,Defender,Team 18,23,3.2
P0680,29,Defender,Team 11,22,6.5
P0681,25,Forward,Team 5,27,6.2
P0682,31,Goalkeeper,Team 5,31,7.3
P0683,30,Defender,Team 19,23,6.5
P0684,30,Goalkeeper,Team 6,26,6.5
P0685,24,Midfielder,Team 15,32,6.4
P0686,18,Midfielder,Team 11,24,5.7
P0687,35,Goalkeeper,Team 19,36,6.2
P0688,21,Defender,Team 20,31,2
P0689,27,Forward,Team 3,33,6
P0690,37,Goalkeeper,Team 4,43,5.6
P0691,28,Goalkeeper,Team 9,31,6.6
P0692,31,Defender,Team 19,30,7
P0693,21,Goalkeeper,Team 5,31,6.8
P0694,20,Goalkeeper,Team 8,26,7.2
P0695,25,Defender,Team 11,27,5.6
P0696,31,Goalkeeper,Team 4,26,8.5
P0697,26,Goalkeeper,Team 16,31,3.8
P0698,24,Goalkeeper,Team 15,35,6.2
P0699,28,Midfielder,Team 14,22,14
P0700,31,Midfielder,Team 4,33,7
P0701,21,Forward,Team 4,33,5.5
P0702,22,Forward,Team 7,26,4.8
P0703,24,Forward,Team 3,27,6
P0704,31,Defender,Team 6,34,5.1
P0705,28,Defender,Team 4,33,4.8
P0706,36,Defender,Team 4,39,6.8
P0707,31,Goalkeeper,Team 8,39,4.9
P0708,27,Defender,Team 19,21,7.1
P0709,32,Forward,Team 3,25,5.2
P0710,28,Forward,Team 17,33,6.2
P0711,24,Forward,Team 8,26,6.7
P0712,30,Defender,Team 11,33,7.7
P0713,24,Defender,Team 14,25,7.6
P0714,26,Forward,Team 17,32,6.6
P0715,32,Midfielder,Team 6,33,6.1
P0716,27,Forward,Team 9,32,7.3
P0717,24,Defender,Team 12,30,5.6
P0718,25,Defender,Team 2,36,7.4
P0719,31,Forward,Team 7,32,7.1
P0720,25,Goalkeeper,Team 6,29,6.6
P0721,25,Midfielder,Team 9,31,6.4
P0722,25,Midfielder,Team 11,32,5.7
P0723,28,Defender,Team 8,32,6.3
P0724,25,Defender,Team 5,27,7.8
P0725,21,Defender,Team 19,27,5.5
P0726,23,Forward,Team 16,25,6.3
P0727,23,Defender,Team 3,34,5.7
P0728,32,Defender,Team 10,30,6.5
P0729,30,Defender,Team 1,27,3.4
P0730,29,Midfielder,Team 18,32,4.8
P0731,25,Midfielder,Team 5,38,6.8
P0732,24,Goalkeeper,Team 20,22,5.8
P0733,25,Goalkeeper,Team 1,28,9.1
P0734,23,Defender,Team 14,31,6.5
P0735,37,Midfielder,Team 19,30,6.5
P0736,18,Midfielder,Team 6,29,6
P0737,29,Midfielder,Team 2,22,6.7
P0738,22,Midfielder,Team 3,36,7.3
P0739,27,Goalkeeper,Team 2,23,5.9
P0740,23,Forward,Team 14,40,6.8
P0741,22,Midfielder,Team 3,27,7.6
P0742,22,Midfielder,Team 15,37,6.3
P0743,34,Midfielder,Team 11,22,6.7
P0744,26,Midfielder,Team 10,28,7.1
P0745,24,Forward,Team 8,22,15
P0746,29,Forward,Team 13,31,5.9
P0747,27,Defender,Team 5,38,6.6
P0748,30,Goalkeeper,Team 7,23,6
P0749,20,Midfielder,Team 18,30,5.2
P0750,28,Midfielder,Team 6,23,6.4
P0751,30,Defender,Team 14,34,7.4
P0752,20,Forward,Team 14,35,5.8
P0753,29,Defender,Team 9,31,6.9
P0754,34,Forward,Team 19,21,8.6
P0755,27,Goalkeeper,Team 10,33,7.3
P0756,30,Defender,Team 2,38,7.4
P0757,30,Defender,Team 9,42,6.8
P0758,24,Midfielder,Team 8,32,4.1
P0759,27,Defender,Team 13,27,6.7
P0760,21,Forward,Team 10,33,7.3
P0761,25,Forward,Team 18,22,6.9
P0762,28,Defender,Team 18,39,6.7
P0763,30,Forward,Team 18,24,8.7
P0764,27,Defender,Team 9,26,5
P0765,30,Goalkeeper,Team 20,30,6.2
P0766,23,Midfielder,Team 11,28,7.8
P0767,27,Goalkeeper,Team 14,38,6.9
P0768,27,Goalkeeper,Team 2,39,6.7
P0769,34,Midfielder,Team 14,34,7.1
P0770,26,Midfielder,Team 2,24,6.9
P0771,25,Midfielder,Team 1,32,5
P0772,27,Defender,Team 12,43,4.5
P0773,23,Forward,Team 7,37,9.1
P0774,28,Defender,Team 3,29,7.1
P0775,26,Forward,Team 15,27,10
P0776,20,Defender,Team 7,29,5.4
P0777,27,Forward,Team 5,30,7
P0778,26,Forward,Team 18,31,6.7
P0779,20,Goalkeeper,Team 17,23,6
P0780,27,Defender,Team 13,43,6.6
P0781,33,Midfielder,Team 16,32,5
P0782,29,Defender,Team 8,26,6.1
P0783,29,Midfielder,Team 17,33,5.1
P0784,22,Defender,Team 17,32,7.6
P0785,29,Goalkeeper,Team 1,44,7.7
P0786,28,Forward,Team 7,31,6.5
P0787,29,Midfielder,Team 10,34,5.7
P0788,29,Forward,Team 16,37,5.4
P0789,22,Forward,Team 5,36,7
P0790,27,Forward,Team 7,26,7
P0791,24,Goalkeeper,Team 11,31,8
P0792,27,Defender,Team 16,22,6.8
P0793,23,Forward,Team 7,24,5.8
P0794,32,Goalkeeper,Team 7,27,6.3
P0795,24,Goalkeeper,Team 17,34,8.2
P0796,11,Goalkeeper,Team 8,33,7.5
P0797,27,Defender,Team 6,28,6.8
P0798,23,Midfielder,Team 19,33,7.2
P0799,25,Forward,Team 3,31,6.1
P0800,24,Goalkeeper,Team 14,33,6.6
P0801,33,Midfielder,Team 15,26,3.4
P0802,30,Midfielder,Team 1,30,6.3
P0803,27,Goalkeeper,Team 20,40,7
P0804,25,Defender,Team 13,34,5.5
P0805,31,Midfielder,Team 13,29,7.1
P0806,29,Defender,Team 13,31,6.6
P0807,29,Defender,Team 6,35,8
P0808,27,Midfielder,Team 3,26,6.3
P0809,20,Midfielder,Team 7,27,7.3
P0810,27,Midfielder,Team 17,30,5.5
P0811,25,Defender,Team 3,34,6.7
P0812,30,Defender,Team 2,41,8.7
P0813,31,Midfielder,Team 14,34,6.2
P0814,24,Goalkeeper,Team 15,32,8.8
P0815,29,Goalkeeper,Team 18,23,7.4
P0816,34,Defender,Team 3,26,6.3
P0817,24,Goalkeeper,Team 12,30,8.2
P0818,34,Midfielder,Team 14,33,5.5
P0819,24,Defender,Team 18,23,4.2
P0820,27,Goalkeeper,Team 3,23,7.3
P0821,27,Defender,Team 14,34,5.8
P0822,27,Goalkeeper,Team 2,31,6.6
P0823,24,Goalkeeper,Team 6,34,6.8
P0824,25,Forward,Team 16,31,5.9
P0825,24,Goalkeeper,Team 19,34,7.2
P0826,28,Forward,Team 7,30,7.8
P0827,28,Midfielder,Team 7,30,5
P0828,36,Forward,Team 19,33,7.4
P0829,32,Defender,Team 17,26,6.8
P0830,25,Midfielder,Team 5,22,4.7
P0831,28,Forward,Team 6,31,6.6
P0832,31,Midfielder,Team 8,31,4.7
P0833,27,Goalkeeper,Team 4,37,8.4
P0834,27,Midfielder,Team 3,35,6.3
P0835,27,Goalkeeper,Team 16,42,4.1
P0836,30,Defender,Team 1,25,7
P0837,24,Goalkeeper,Team 6,32,6.9
P0838,26,Goalkeeper,Team 2,22,7
P0839,29,Goalkeeper,Team 4,34,8.2
P0840,28,Forward,Team 1,38,9.3
P0841,28,Defender,Team 8,25,5.3
P0842,46,Midfielder,Team 18,35,6
P0843,31,Goalkeeper,Team 10,25,6.8
P0844,36,Midfielder,Team 4,29,4.7
P0845,29,Midfielder,Team 13,34,6.8
P0846,26,Goalkeeper,Team 6,31,6.5
P0847,30,Forward,Team 10,23,7.7
P0848,25,Defender,Team 2,39,7.1
P0849,24,Goalkeeper,Team 12,28,5.7
P0850,27,Goalkeeper,Team 6,37,7.1
P0851,18,Defender,Team 11,26,5.5
P0852,22,Forward,Team 5,36,7.6
P0853,26,Defender,Team 8,31,5.9
P0854,22,Goalkeeper,Team 20,36,7.1
P0855,23,Defender,Team 19,28,7.1
P0856,25,Midfielder,Team 20,39,6.8
P0857,20,Midfielder,Team 7,41,6
P0858,25,Midfielder,Team 14,31,6.1
P0859,25,Forward,Team 12,36,5.2
P0860,27,Midfielder,Team 7,28,8
P0861,32,Defender,Team 12,29,5.8
P0862,28,Forward,Team 9,27,6
P0863,27,Defender,Team 4,25,7.6
P0864,27,Forward,Team 3,25,6.9
P0865,28,Defender,Team 8,29,3.6
P0866,23,Goalkeeper,Team 3,28,6.8
P0867,27,Forward,Team 15,37,7.5
P0868,28,Goalkeeper,Team 6,28,7.6
P0869,22,Goalkeeper,Team 17,33,6.7
P0870,30,Goalkeeper,Team 19,27,6.7
P0871,31,Goalkeeper,Team 9,31,6.4
P0872,24,Goalkeeper,Team 18,19,6.5
P0873,26,Goalkeeper,Team 19,36,4.8
P0874,23,Defender,Team 15,30,6.5
P0875,30,Midfielder,Team 7,31,6
P0876,23,Forward,Team 14,27,9.2
P0877,26,Defender,Team 4,32,6.2
P0878,24,Defender,Team 13,31,5.6
P0879,27,Defender,Team 7,32,4.6
P0880,20,Defender,Team 16,26,7.7
P0881,32,Midfielder,Team 5,28,6.1
P0882,23,Midfielder,Team 1,32,1
P0883,27,Forward,Team 12,28,6.1
P0884,26,Forward,Team 7,23,5.2
P0885,24,Defender,Team 7,27,7.6
P0886,23,Forward,Team 20,32,7.1
P0887,31,Goalkeeper,Team 7,25,7.6
P0888,25,Defender,Team 17,27,7.1
P0889,28,Forward,Team 1,26,5.4
P0890,24,Forward,Team 4,39,6
P0891,24,Goalkeeper,Team 6,21,5.3
P0892,29,Defender,Team 16,32,7.8
P0893,31,Midfielder,Team 8,24,10
P0894,26,Defender,Team 17,27,7.4
P0895,21,Midfielder,Team 12,29,6.8
P0896,35,Forward,Team 9,36,5.4
P0897,24,Midfielder,Team 1,27,5.1
P0898,21,Defender,Team 2,31,7
P0899,37,Forward,Team 15,27,7.1
P0900,25,Midfielder,Team 17,33,7.5
P0901,21,Midfielder,Team 3,39,5.9
P0902,24,Defender,Team 9,23,6.6
P0903,28,Forward,Team 19,25,6.4
P0904,28,Forward,Team 19,28,7.1
P0905,24,Midfielder,Team 12,31,6.1
P0906,34,Midfielder,Team 7,29,7.9
P0907,25,Midfielder,Team 20,39,7.7
P0908,22,Goalkeeper,Team 11,32,8.3
P0909,31,Forward,Team 3,32,6.6
P0910,32,Midfielder,Team 7,26,4.3
P0911,24,Midfielder,Team 4,40,6.7
P0912,21,Forward,Team 4,35,7.9
P0913,31,Goalkeeper,Team 8,28,7
P0914,19,Forward,Team 5,35,4.7
P0915,22,Goalkeeper,Team 5,43,7.8
P0916,31,Defender,Team 10,24,6.5
P0917,27,Forward,Team 5,23,7.5
P0918,26,Forward,Team 2,28,6.3
P0919,28,Defender,Team 18,26,4.2
P0920,26,Forward,Team 11,31,8.1
P0921,22,Defender,Team 17,32,7.2
P0922,32,Goalkeeper,Team 1,26,8
P0923,12,Forward,Team 14,30,5.5
P0924,48,Defender,Team 17,26,5.6
P0925,27,Midfielder,Team 6,35,6.4
P0926,36,Goalkeeper,Team 3,24,7.3
P0927,26,Goalkeeper,Team 1,33,5.4
P0928,26,Midfielder,Team 10,35,7
P0929,28,Midfielder,Team 8,31,3.3
P0930,33,Defender,Team 17,29,6.2
P0931,33,Midfielder,Team 15,25,7.6
P0932,26,Forward,Team 20,34,6.4
P0933,28,Defender,Team 6,31,7.4
P0934,21,Goalkeeper,Team 13,35,6.3
P0935,26,Forward,Team 16,26,7
P0936,24,Forward,Team 20,35,6.4
P0937,23,Goalkeeper,Team 19,29,5.4
P0938,34,Forward,Team 11,27,8.3
P0939,24,Goalkeeper,Team 3,32,7.3
P0940,25,Goalkeeper,Team 17,24,5.4
P0941,28,Goalkeeper,Team 12,35,8.1
P0942,32,Goalkeeper,Team 4,28,7.2
P0943,29,Defender,Team 10,25,6.7
P0944,38,Forward,Team 10,32,5.6
P0945,27,Midfielder,Team 11,27,6.3
P0946,28,Defender,Team 10,40,5.1
P0947,28,Midfielder,Team 20,36,6
P0948,33,Defender,Team 5,30,4.3
P0949,29,Forward,Team 15,31,6.8
P0950,27,Goalkeeper,Team 16,25,6
P0951,23,Midfielder,Team 2,24,3.7
P0952,28,Defender,Team 1,25,5.5
P0953,33,Forward,Team 16,34,4.8
P0954,25,Forward,Team 16,27,6
P0955,29,Defender,Team 14,32,6.5
P0956,12,Goalkeeper,Team 10,33,5.6
P0957,30,Defender,Team 18,33,4.7
P0958,24,Defender,Team 11,28,6.3
P0959,36,Defender,Team 11,34,7.2
P0960,22,Goalkeeper,Team 18,26,2.3
P0961,26,Midfielder,Team 8,33,6.3
P0962,31,Defender,Team 3,34,6.6
P0963,50,Forward,Team 8,29,8
P0964,30,Midfielder,Team 17,26,6.6
P0965,25,Forward,Team 13,29,5.3
P0966,27,Forward,Team 13,36,8.9
P0967,11,Defender,Team 11,33,7.1
P0968,33,Midfielder,Team 2,38,8.1
P0969,30,Defender,Team 9,25,8.5
P0970,30,Forward,Team 1,38,8.5
P0971,24,Defender,Team 12,21,7.4
P0972,31,Goalkeeper,Team 12,28,7.2
P0973,28,Goalkeeper,Team 11,24,7.9
P0974,33,Defender,Team 20,28,7.3
P0975,35,Defender,Team 16,41,7.8
P0976,26,Defender,Team 2,32,4.7
P0977,25,Defender,Team 19,31,8.2
P0978,24,Defender,Team 12,35,4.3
P0979,26,Goalkeeper,Team 18,27,6.6
P0980,25,Midfielder,Team 8,26,7.4
P0981,28,Defender,Team 10,36,6.2
P0982,26,Midfielder,Team 5,31,6.9
P0983,26,Defender,Team 12,33,8.4
P0984,31,Midfielder,Team 15,33,6.3
P0985,23,Goalkeeper,Team 2,49,8
P0986,29,Forward,Team 15,37,12
P0987,25,Midfielder,Team 1,26,5.5
P0988,30,Goalkeeper,Team 16,35,4.8
P0989,33,Midfielder,Team 2,29,6.6
P0990,26,Goalkeeper,Team 1,39,6.9
P0991,29,Forward,Team 20,32,5.3
P0992,28,Goalkeeper,Team 6,27,6.3
P0993,13,Defender,Team 6,35,7.1
P0994,28,Defender,Team 10,27,8.3
P0995,28,Midfielder,Team 16,36,4.7
P0996,29,Defender,Team 19,22,7.6
P0997,26,Defender,Team 10,39,4.4
P0998,27,Forward,Team 8,40,6.4
P0999,22,Defender,Team 10,27,6
P1000,26,Defender,Team 9,34,7.2
